{
  "cities_dictionary": {
    "בית חירות": "Beit Herut",
    "חיפה": "Haifa",
    "קרית ים": "Kiryat Yam",
    "רמלה": "Ramla",
    "ירושלים": "Jerusalem",
    "כרמיאל": "Karmiel",
    "גבעתיים": "Giv'atayim",
    "חריש": "Harish",
    "ראשון לציון": "Rishon LeZion",
    "פתח תקווה": "Petah Tikva",
    "יבנה": "Yavne",
    "גן יבנה": "Gan Yavne",
    "בועיינה-נוג'ידאת": "Bu'eina-Nog'id'at",
    "רחובות": "Rehovot",
    "מעלות תרשיחא": "Ma'alot-Tarshiha",
    "קריית חיים": "Kiryat Haim",
    "אבו סנאן": "Abu Snan",
    "כסרא סמיע": "Kisra-Sumei",
    "כפר יאסיף": "Kafr Yasif",
    "שעב": "Sha'ab",
    "שפרעם": "Shefa-Amr",
    "קריית שמונה": "Kiryat Shmona",
    "טבריה": "Tiberias",
    "ראש פינה": "Rosh Pina",
    "קצרין": "Katzrin",
    "מושב מגדל": "Moshav Migdal",
    "יבנאל": "Yavne'el",
    "כפר כנא": "Kafr Kanna",
    "כפר מנדא": "Kafr Manda",
    "מג'דל שמס": "Majdal Shams",
    "כפר מראר": "Kafr Mraar",
    "כפר מג'אר": "Kafr Mraar",
    "שלומי": "Shlomi",
    "חצור הגלילית": "Hatzor HaGalilit",
    "מעיין ברוך": "Ma'ayan Baruch",
    "פקיעין חדשה": "Peki'in Hadasha",
    "סחנין": "Sakhnin",
    "טמרה": "Tamra",
    "בני יהודה": "Bnei Yehuda",
    "גוש חלב": "Gush Halav",
    "ירכא": "Yarka",
    "פוריה": "Poria",
    "מירון": "Meron",
    "עראבה": "Arraba",
    "ערד": "Arad",
    "יאנוח-ג'ת": "Yanuh-Jat",
    "דיר אל-אסד": "Deir al-Asad",
    "דיר אל אסד": "Deir al-Asad",
    "עפולה": "Afula",
    "סולם": "Sulam",
    "עפולה עלית": "Afula Illit",
    "רמת ישי": "Ramat Yishai",
    "נשר": "Nesher",
    "רוויה": "Revaya",
    "נצרת עילית": "Nazareth Illit",
    "נוף הגליל": "Nof HaGalil (Upper Nazareth)",
    "יפיע": "Yafia",
    "ריינה": "Reina",
    "כדורי": "Kadouri",
    "כפר תבור": "Kfar Tavor",
    "כפר סבא": "Kfar Saba",
    "נתניה": "Netanya",
    "פרדסיה": "Pardesiya",
    "כפר יונה": "Kfar Yona",
    "תל מונד": "Tel Mond",
    "כוכב יאיר": "Kokhav Ya'ir",
    "צורן-קדימה": "Tzoran-Kadima",
    "טירה": "Tira",
    "יקנעם עילית": "Yokneam Illit",
    "זכרון יעקב": "Zikhron Ya'akov",
    "פורדיס": "Fureidis",
    "עיר הכרמל": "Ir HaCarmel",
    "עתלית": "Atlit",
    "עוספיה": "Isfiya",
    "חדרה": "Hadera",
    "גבעת אולגה": "Givat Olga",
    "כפר קרע": "Kafr Qara",
    "פרדס חנה-כרכור": "Pardes Hanna-Karkur",
    "דאלית אל כרמל": "Daliyat al-Karmel",
    "ביתן אהרן": "Beit Aharon",
    "אלפי מנשה": "Alfei Menashe",
    "בני ברק": "Bnei Brak",
    "אזור": "Azor",
    "חולון": "Holon",
    "הרצליה": "Herzliya",
    "רעננה": "Ra'anana",
    "הוד השרון": "Hod HaSharon",
    "ראש העין": "Rosh HaAyin",
    "קיבוץ עינת": "Kibbutz Einat",
    "אורנית": "Oranit",
    "כפר קאסם": "Kafr Qasim",
    "קריית אונו": "Kiryat Ono",
    "אור יהודה": "Or Yehuda",
    "שוהם": "Shoham",
    "מודיעין": "Modi'in",
    "מודיעין עילית": "Modi'in Illit",
    "אלעד": "El'ad",
    "פתח תקוה": "Petah Tikva",
    "סביון": "Savyon",
    "תל אביב": "Tel Aviv",
    "ראשל\"צ": "Rishon LeZion",
    "נס ציונה": "Nes Tziona",
    "קריית עקרון": "Kiryat Ekron",
    "באר יעקב": "Be'er Ya'akov",
    "מזכרת בתיה": "Mazkeret Batya",
    "לוד": "Lod",
    "באר שבע": "Be'er Sheva",
    "בית שמש": "Beit Shemesh",
    "גדרה": "Gedera",
    "קריית מלאכי": "Kiryat Malachi",
    "גבעת זאב": "Givat Ze'ev",
    "יפית": "Yafit",
    "שורש": "Shoresh",
    "צור הדסה": "Tzur Hadassah",
    "קריית גת": "Kiryat Gat",
    "קרית גת": "Kiryat Gat",
    "אשקלון": "Ashkelon",
    "אשדוד": "Ashdod",
    "שדה עוזיהו": "Sde Uziyahu",
    "אילת": "Eilat",
    "יד מרדכי": "Yad Mordechai",
    "עומר": "Omer",
    "שגב שלום": "Segev Shalom",
    "גאולים": "Geulim",
    "מודיעין-מכבים-רעות": "Modi'in-Maccabim-Re'ut",
    "צריפין": "Tzrifin",
    "זמרת": "Zemeret",
    "צמח": "Tzemah",
    "עספיא": "Isfiya",
    "זרזיר": "Zarzir",
    "ראשלצ": "Rishon LeZion",
    "קדימה - צורן": "Kadima - Tzoran",
    "יהוד - מונסון": "Yehud - Monoson",
    "ביענה": "Bi'ina",
    "יוקנעם": "Yokneam",
    "ג'לג'וליה": "Jaljulia",
    "בני דרור": "Bnei Dror",
    "נחף": "Nahf",
    "בית העמק": "Beit HaEmek",
    "בנימינה": "Binyamina",
    "אכסאל": "Iksal",
    "ג'סר א-זרקא": "Jisr az-Zarqa",
    "עילבון": "Ilabon",
    "מסעדה": "Mas'ade",
    "מגאר": "Maghar",
    "קרית שמונה": "Kiryat Shmona",
    "טובא-זנגריה": "Tuba-Zangariyye",
    "עין תמר": "Ein Tamar",
    "הר ברכה": "Har Bracha",
    "פארק תעשיות הגליל": "Galilee Industrial Park",
    "תל אביב - יפו": "Tel Aviv - Jaffa",
    "תימורים": "Timorim",
    "קציר-חריש": "Katzir-Harish",
    "עין בוקק": "Ein Bokek",
    "אבן יהודה": "Even Yehuda",
    "זיתן": "Zitan",
    "קרני שומרון": "Karnei Shomron",
    "עין יהב": "Ein Yahav",
    "טוראן": "Turan",
    "מצפה רמון": "Mitzpe Ramon",
    "צור יצחק": "Tzur Yitzhak",
    "מושב ברק": "Moshav Barak",
    "מודיעין, מכבים-רעות": "Modi'in, Maccabim-Re'ut",
    "יסוד המעלה": "Yesod HaMa'ala",
    "ירוחם": "Yeruham",
    "באקה אל גרביה": "Baqa al-Gharbiyye",
    "עזר": "Ezer",
    "חבל מודיעין": "Hevel Modi'in",
    "נווה אילן": "Neve Ilan",
    "קרית ביאליק": "Kiryat Bialik",
    "תפח תקווה": "Petah Tikva",
    "גפן": "Gefen",
    "קדימה-צורן": "Kadima-Tzoran",
    "קדימה צורן": "Kadima Tzoran",
    "קרית מוצקין": "Kiryat Motzkin",
    "גבע בנימין": "Geva Binyamin",
    "קרית ענבים": "Kiryat Anavim",
    "אפרתה": "Efrata",
    "בית אריה": "Beit Aryeh",
    "כפר אדומים": "Kfar Adumim",
    "יגור": "Yagur",
    "שריד": "Sarid",
    "כמהין": "Kmehin",
    "אפרת": "Efrat",
    "אלומות": "Alumot",
    "שדה אילן": "Sde Ilan",
    "מעלה אדומים": "Ma'ale Adumim",
    "קרית עקרון": "Kiryat Ekron",
    "עין ורד": "Ein Vered",
    "ג'דיידה-מכר": "Jadeidi-Makr",
    "ביתן אהרון": "Bitan Aharon",
    "דימונה": "Dimona",
    "שדרות": "Sderot",
    "רהט": "Rahat",
    "אור עקיבא": "Or Akiva",
    "קרית אונו": "Kiryat Ono",
    "עכו": "Acre",
    "בית שאן": "Beit She'an",
    "נהריה": "Nahariya",
    "נהרייה": "Nahariya",
    "בת ים": "Bat Yam",
    "טירת הכרמל": "Tirat HaCarmel",
    "גני תקווה": "Ganei Tikva",
    "רמת גן": "Ramat Gan",
    "צפת": "Safed",
    "פרדס חנה כרכור": "Pardes Hanna-Karkur",
    "מגדל העמק": "Migdal HaEmek",
    "יקנעם": "Yokneam",
    "קריית ים": "Kiryat Yam",
    "קריית מוצקין": "Kiryat Motzkin",
    "קריית ביאליק": "Kiryat Bialik",
    "מעלות-תרשיחא": "Ma'alot-Tarshiha",
    "אעבלין": "Ibilin",
    "רמת השרון": "Ramat HaSharon",
    "אשדות יעקב": "Ashdot Ya'akov",
    "מבשרת ציון": "Mevaseret Zion",
    "כאבול": "Kabul",
    "קרית אתא": "Kiryat Ata",
    "קריית אתא": "Kiryat Ata",
    "קריית טבעון": "Kiryat Tiv'on",
    "טבעון": "Kiryat Tiv'on",
    "נצרת": "Nazareth",
    "טייבה": "Taybeh",
    "דליית אל כרמל": "Daliyat al-Karmel",
    "מרכז ריינה": "Merkez Reina",
    "כפר חסידים כביש ראשי  אזור תעשיה": "Kfar Hasidim",
    "נצרץ עילית": "Nazareth Illit",
    "דבוריה": "Daburiyya",
    "קלאנסווה": "Klansuwa",
    "אליכין": "I'billin",
    "דלית אל כרמל": "Daliyat al-Karmel",
    "זכרון יעקוב": "Zikhron Ya'akov",
    "פרדס חנה – כרכור": "Pardes Hanna-Karkur",
    "גן שמואל": "Gan Shmuel",
    "אום אל פאחם": "Umm al-Fahm",
    "אריאל": "Ariel",
    "יהוד": "Yehud",
    "יהוד-מונסון": "Yehud-Monoson",
    "יהוד-מונוסון": "Yehud-Monoson",
    "קרית מלאכי": "Kiryat Malachi",
    "תל השומר רמת גן": "Tel HaShomer",
    "שפיים": "Shefayim",
    "מעיליא": "Mi'ilya",
    "בית כרם": "Beit Kerem",
    "ראמה": "Rama",
    "כפר ורדים": "Kfar Vardim",
    "בית ג'אן": "Beit Jann",
    "אומן": "Omen",
    "מזרעה": "Mazra'a",
    "חורפיש": "Hurfeish",
    "צומת גוש עציון": "Tzomet Gush Etzion",
    "נתיבות": "Netivot",
    "אופקים": "Ofakim",
    "שערי תקווה": "Shearey Tikva",
    "מעונה": "Maona",
    "מג'ד אל-כרום": "Majd Al-Karum",
    "אעבלין, אעבלין": "Ibilin",
    "נחלים": "Nehalim",
    "סאג'ור": "Sajur",
    "ג'דיידה מכר": "Jadeidi-Makr",
    "גבעת עדה": "Gוvat Adda",
    "דייר חנא": "Deir Hanah",
    "אלמוג": "Almog",
    "תל אביב-יפו": "Tel Aviv-Jaffa",
    "מבואות החרמון": "Mevo'ot Hermon",
    "להבים": "Lehavim",
    "צומת עמיעד": "Tzomet Amiad",
    "שער שומרון": "Sha'ar Shomron",
    "רגבה": "Regba",
    "עוספיא": "Isfiya",
    "מודיעין מכבים רעות": "Modi'in-Maccabim-Re'ut"
  },
  "ISP_dictionary": {
    "הוט": "HOT",
    "הוט מובייל": "HOT",
    "טריפל": "TRIPLE",
    "טריפל C": "TRIPLE",
    "בזק": "TRIPLE",
    "סלקום": "TRIPLE",
    "פלאפון (טריפל C סלולר)": "TRIPLE"
  },
  "reseller_dictionary": {
    "חיפה": "Haifa",
    "נגב": "Negev",
    "גליל": "Galil",
    "גוש דן": "Gush_dan",
    "שרון": "Sharon",
    "מרכז": "Merkaz",
    "ירושלים": "Jerusalem"
  }
}

